Feature,Random Forest,Gradient Boosting,Avg Importance
Actual Wage,0.8348298820936378,0.9964834667570627,0.9156566744253503
Experience,0.08642389791491109,0.0027759932439958574,0.04459994557945347
Education,0.07040122305345443,0.0006394104702443524,0.03552031676184939
Gender,0.008344996937996597,0.00010112952869713921,0.004223063233346869
