Feature,Random Forest,Gradient Boosting,Avg Importance
Actual Wage,0.8293084861665624,0.9970732768688663,0.9131908815177143
Experience,0.08603042420040265,0.001156416095264556,0.0435934201478336
Education,0.07625267710952284,0.001538927063660591,0.03889580208659171
Gender,0.008408412523512099,0.0002313799722085732,0.004319896247860336
