,Accuracy,Precision,Recall,F1-Score,ROC-AUC
Logistic Regression,0.944,0.9540768509840675,0.9417206290471786,0.9478584729981379,0.989741695262618
Random Forest,0.9335,0.9454887218045113,0.9306197964847364,0.937995337995338,0.9851425200742068
Gradient Boosting,0.9395,0.9545454545454546,0.9324699352451434,0.943378568086102,0.9888734990271167
Ensemble,0.941,0.950420954162769,0.9398704902867715,0.9451162790697675,0.9887985070044563
