,Accuracy,Precision,Recall,F1-Score,ROC-AUC
Logistic Regression,0.937,0.9407894736842105,0.9407894736842105,0.9407894736842105,0.989121441424073
Random Forest,0.928,0.9331450094161958,0.931390977443609,0.9322671683913453,0.9852475740633635
Gradient Boosting,0.9435,0.9576515880654476,0.9351503759398496,0.9462672372800761,0.98957630454341
Ensemble (RF+GB),0.938,0.9400749063670412,0.943609022556391,0.9418386491557224,0.9886329405243879
