,Accuracy,Precision,Recall,F1-Score,ROC-AUC
Logistic Regression,0.9425,0.9314079422382672,0.9635854341736695,0.9472234970169803,0.9904759894628824
Random Forest,0.9345,0.9304029304029304,0.9486461251167133,0.9394359685621821,0.9856205130060636
Gradient Boosting,0.9415,0.9297297297297298,0.9635854341736695,0.9463548830811555,0.9897448035547194
Ensemble,0.941,0.9343664539653601,0.9570494864612512,0.9455719557195572,0.9889286895238899
